Date,Open,High,Low,Close,WAP,No. of Shares,No. of Trades,Total Turnover,Deliverable Quantity,% Deli. Qty to Traded Qty,Spread H-L,Spread C-O
2019-01-24,2715.5,2730.45,2667.05,2697.9,2698.18,38.0,26.0,102531.0,18.0,47.37,63.4,-17.6
2019-01-23,2614.55,2727.0,2614.5,2693.3,2683.99,145.0,68.0,389178.0,44.0,30.34,112.5,78.75
2019-01-22,2618.05,2655.0,2510.5,2611.9,2591.19,5414.0,373.0,14028698.0,483.0,8.92,144.5,-6.15
2019-01-21,2700.0,2700.0,2666.0,2673.35,2678.43,68.0,24.0,182133.0,55.0,80.88,34.0,-26.65
2019-01-18,2728.3,2790.0,2676.25,2717.25,2703.93,263.0,82.0,711134.0,133.0,50.57,113.75,-11.05
2019-01-17,2800.75,2804.25,2728.9,2763.55,2765.83,2189.0,75.0,6054402.0,13.0,0.59,75.35,-37.2
2019-01-16,2859.4,2859.4,2762.8,2779.4,2793.48,58.0,39.0,162022.0,32.0,55.17,96.6,-80.0
2019-01-15,2872.0,2899.0,2820.0,2846.0,2859.68,2356.0,126.0,6737398.0,99.0,4.2,79.0,-26.0
2019-01-14,2731.0,2999.0,2650.0,2839.4,2759.41,402.0,124.0,1109283.0,270.0,67.16,349.0,108.4
2019-01-11,2846.35,2846.35,2740.55,2757.0,2770.09,3577.0,94.0,9908604.0,43.0,1.2,105.8,-89.35
2019-01-10,2763.0,2850.35,2763.0,2821.2,2814.23,52.0,30.0,146340.0,23.0,44.23,87.35,58.2
2019-01-09,2804.0,2804.0,2740.55,2787.45,2774.08,247.0,54.0,685198.0,190.0,76.92,63.45,-16.55
2019-01-08,2888.75,2888.75,2808.0,2820.0,2823.49,100.0,28.0,282349.0,77.0,77.0,80.75,-68.75
2019-01-07,2879.6,2926.4,2822.2,2896.2,2865.74,2046.0,104.0,5863304.0,98.0,4.79,104.2,16.6
2019-01-04,2888.75,2897.5,2824.3,2835.55,2845.23,61.0,31.0,173559.0,33.0,54.1,73.2,-53.2
2019-01-03,2854.05,2930.0,2854.05,2912.2,2908.49,465.0,131.0,1352448.0,358.0,76.99,75.95,58.15
2019-01-02,2876.95,2885.95,2840.0,2870.6,2869.69,16.0,16.0,45915.0,5.0,31.25,45.95,-6.35
2019-01-01,2865.65,2865.65,2800.0,2825.45,2842.82,34.0,20.0,96656.0,13.0,38.24,65.65,-40.2
2018-12-31,2875.0,2889.95,2826.2,2852.5,2860.17,155.0,54.0,443327.0,65.0,41.94,63.75,-22.5
2018-12-28,2820.0,2860.5,2806.5,2837.1,2836.75,248.0,73.0,703513.0,102.0,41.13,54.0,17.1
2018-12-27,2856.4,2873.75,2831.45,2843.3,2853.25,95.0,40.0,271059.0,49.0,51.58,42.3,-13.1
2018-12-26,2848.0,2858.0,2820.35,2843.4,2844.79,219.0,92.0,623010.0,122.0,55.71,37.65,-4.6
2018-12-24,2882.85,2936.0,2864.55,2900.05,2897.64,89.0,35.0,257890.0,71.0,79.78,71.45,17.2
2018-12-21,2880.0,2894.45,2850.0,2890.8,2869.2,388.0,149.0,1113251.0,130.0,33.51,44.45,10.8
2018-12-20,2871.0,2978.95,2829.45,2907.2,2902.96,378.0,152.0,1097317.0,173.0,45.77,149.5,36.2
2018-12-19,2914.0,3000.0,2898.0,2954.55,2917.22,4594.0,257.0,13401728.0,4346.0,94.6,102.0,40.55
2018-12-18,2839.55,2911.85,2807.35,2878.55,2843.23,4253.0,142.0,12092274.0,2111.0,49.64,104.5,39.0
2018-12-17,2890.0,2899.0,2852.55,2865.95,2879.78,136.0,64.0,391650.0,82.0,60.29,46.45,-24.05
2018-12-14,2871.85,2893.4,2849.0,2858.9,2867.79,117.0,56.0,335532.0,60.0,51.28,44.4,-12.95
2018-12-13,2861.8,2909.3,2830.0,2843.3,2869.16,1517.0,145.0,4352513.0,993.0,65.46,79.3,-18.5
2018-12-12,2883.0,2918.0,2830.0,2844.2,2875.75,2384.0,101.0,6855794.0,38.0,1.59,88.0,-38.8
2018-12-11,2860.15,2860.15,2808.05,2853.5,2822.18,373.0,94.0,1052674.0,71.0,19.03,52.1,-6.65
2018-12-10,2730.55,2896.0,2730.55,2881.1,2815.82,5062.0,48.0,14253692.0,4971.0,98.2,165.45,150.55
2018-12-07,2869.05,2929.95,2865.55,2887.9,2891.34,41.0,26.0,118545.0,17.0,41.46,64.4,18.85
2018-12-06,2933.35,2980.1,2815.1,2863.05,2913.73,17600.0,151.0,51281622.0,17087.0,97.09,165.0,-70.3
2018-12-05,3010.0,3010.0,2905.0,2933.35,2942.62,348.0,97.0,1024031.0,200.0,57.47,105.0,-76.65
2018-12-04,2990.0,3050.0,2950.0,3016.95,3010.22,3711.0,633.0,11170922.0,1336.0,36.0,100.0,26.95
2018-12-03,2800.0,2941.8,2800.0,2901.15,2859.28,4137.0,598.0,11828853.0,1810.0,43.75,141.8,101.15
2018-11-30,2786.0,2850.0,2786.0,2818.4,2817.44,34.0,16.0,95793.0,31.0,91.18,64.0,32.4
2018-11-29,2758.2,2850.0,2758.2,2782.35,2789.68,2244.0,137.0,6260053.0,230.0,10.25,91.8,24.15
2018-11-28,2772.05,2824.3,2715.0,2773.75,2781.23,135.0,33.0,375466.0,92.0,68.15,109.3,1.7
2018-11-27,2774.85,2822.65,2757.0,2793.7,2799.46,93.0,25.0,260350.0,21.0,22.58,65.65,18.85
2018-11-26,2755.0,2814.9,2749.05,2758.15,2759.99,151.0,52.0,416759.0,64.0,42.38,65.85,3.15
2018-11-22,2772.45,2800.0,2754.0,2777.9,2776.97,91.0,23.0,252704.0,53.0,58.24,46.0,5.45
2018-11-20,2800.0,2800.0,2750.7,2799.0,2790.75,225.0,73.0,627918.0,190.0,84.44,49.3,-1.0
2018-11-19,2797.95,2843.0,2763.1,2797.75,2798.81,2199.0,50.0,6154594.0,39.0,1.77,79.9,-0.2
2018-11-16,2825.5,2825.5,2731.45,2763.1,2773.56,150.0,32.0,416034.0,108.0,72.0,94.05,-62.4
2018-11-15,2797.0,2811.85,2778.85,2798.2,2795.93,241.0,56.0,673819.0,144.0,59.75,33.0,1.2
2018-11-14,2848.75,2848.75,2760.05,2789.75,2786.6,15.0,11.0,41799.0,8.0,53.33,88.7,-59.0
2018-11-13,2834.95,2834.95,2756.0,2803.0,2790.37,2011.0,82.0,5611442.0,128.0,6.36,78.95,-31.95
2018-11-12,2750.9,2875.0,2701.0,2820.45,2820.54,6158.0,384.0,17368859.0,5460.0,88.67,174.0,69.55
2018-11-09,2699.95,2699.95,2600.55,2685.4,2657.56,189.0,90.0,502278.0,134.0,70.9,99.4,-14.55
2018-11-06,2667.55,2700.0,2666.05,2695.0,2679.26,38.0,17.0,101812.0,19.0,50.0,33.95,27.45
2018-11-05,2630.0,2700.0,2625.3,2679.45,2659.39,197.0,94.0,523900.0,93.0,47.21,74.7,49.45
2018-11-02,2631.05,2660.0,2585.7,2625.15,2628.98,108.0,42.0,283930.0,38.0,35.19,74.3,-5.9
2018-11-01,2556.0,2616.0,2549.95,2605.95,2589.63,384.0,109.0,994416.0,207.0,53.91,66.05,49.95
2018-10-31,2492.5,2602.2,2489.0,2557.25,2553.82,883.0,235.0,2255020.0,326.0,36.92,113.2,64.75
2018-10-30,2499.95,2553.2,2489.95,2533.55,2518.64,1611.0,102.0,4057523.0,114.0,7.08,63.25,33.6
2018-10-29,2570.0,2570.0,2413.45,2476.35,2470.46,906.0,201.0,2238241.0,437.0,48.23,156.55,-93.65
2018-10-26,2470.0,2558.95,2400.0,2484.3,2441.42,2727.0,382.0,6657758.0,500.0,18.34,158.95,14.3
2018-10-25,2381.0,2500.0,2381.0,2456.8,2429.84,81.0,34.0,196817.0,39.0,48.15,119.0,75.8
2018-10-24,2389.0,2450.0,2389.0,2449.45,2445.58,78.0,41.0,190755.0,75.0,96.15,61.0,60.45
2018-10-23,2420.0,2420.0,2380.05,2410.5,2405.31,8778.0,62.0,21113809.0,6707.0,76.41,39.95,-9.5
2018-10-22,2417.0,2468.5,2360.0,2417.35,2380.75,278.0,80.0,661848.0,177.0,63.67,108.5,0.35
2018-10-19,2384.55,2440.0,2346.05,2416.25,2393.63,148.0,46.0,354257.0,88.0,59.46,93.95,31.7
2018-10-17,2455.0,2455.0,2380.0,2399.0,2410.91,1828.0,56.0,4407150.0,56.0,3.06,75.0,-56.0
2018-10-16,2433.9,2485.25,2406.45,2457.0,2450.15,130.0,36.0,318520.0,34.0,26.15,78.8,23.1
2018-10-15,2462.2,2462.2,2380.0,2400.15,2424.24,2782.0,96.0,6744243.0,33.0,1.19,82.2,-62.05
2018-10-12,2425.0,2500.0,2350.0,2462.15,2416.84,566.0,116.0,1367929.0,169.0,29.86,150.0,37.15
2018-10-11,2228.35,2449.9,2228.35,2430.85,2390.6,537.0,166.0,1283752.0,224.0,41.71,221.55,202.5
2018-10-10,2262.35,2468.0,2250.85,2422.65,2349.02,287.0,100.0,674170.0,142.0,49.48,217.15,160.3
2018-10-09,2250.0,2250.0,2168.4,2218.2,2209.46,412.0,105.0,910296.0,174.0,42.23,81.6,-31.8
2018-10-08,2266.8,2313.4,2202.2,2296.2,2262.13,329.0,84.0,744242.0,165.0,50.15,111.2,29.4
2018-10-05,2216.2,2356.85,2210.15,2298.25,2298.96,768.0,171.0,1765599.0,337.0,43.88,146.7,82.05
2018-10-04,2294.25,2321.85,2159.25,2188.4,2269.0,789.0,198.0,1790243.0,551.0,69.84,162.6,-105.85
2018-10-03,2380.35,2380.35,2340.0,2343.15,2346.44,569.0,107.0,1335122.0,406.0,71.35,40.35,-37.2
2018-10-01,2420.0,2420.0,2300.0,2336.9,2369.92,267.0,98.0,632769.0,177.0,66.29,120.0,-83.1
2018-09-28,2412.0,2500.1,2387.1,2483.55,2453.49,319.0,97.0,782662.0,262.0,82.13,113.0,71.55
2018-09-27,2479.9,2492.0,2416.0,2448.3,2443.38,262.0,73.0,640165.0,147.0,56.11,76.0,-31.6
2018-09-26,2488.7,2520.1,2464.25,2489.4,2491.4,363.0,152.0,904377.0,208.0,57.3,55.85,0.7
2018-09-25,2488.8,2572.65,2453.3,2528.6,2519.05,374.0,166.0,942124.0,223.0,59.63,119.35,39.8
2018-09-24,2561.3,2562.0,2410.05,2533.2,2493.85,448.0,171.0,1117247.0,261.0,58.26,151.95,-28.1
2018-09-21,2511.9,2574.65,2245.05,2525.35,2490.13,653.0,229.0,1626055.0,460.0,70.44,329.6,13.45
2018-09-19,2507.0,2527.95,2477.0,2492.3,2502.03,31.0,20.0,77563.0,13.0,41.94,50.95,-14.7
2018-09-18,2541.35,2556.45,2497.85,2520.7,2522.83,124.0,63.0,312831.0,48.0,38.71,58.6,-20.65
2018-09-17,2475.0,2535.7,2468.55,2515.05,2501.07,97.0,45.0,242604.0,46.0,47.42,67.15,40.05
2018-09-14,2450.0,2503.2,2433.65,2486.3,2473.15,185.0,81.0,457533.0,94.0,50.81,69.55,36.3
2018-09-12,2503.0,2513.1,2440.75,2464.45,2468.55,377.0,140.0,930643.0,227.0,60.21,72.35,-38.55
2018-09-11,2490.0,2510.35,2489.05,2502.7,2496.51,713.0,112.0,1780013.0,587.0,82.33,21.3,12.7
2018-09-10,2528.05,2536.75,2480.0,2491.1,2498.34,764.0,227.0,1908733.0,404.0,52.88,56.75,-36.95
2018-09-07,2497.0,2534.8,2488.0,2513.75,2509.88,336.0,100.0,843319.0,180.0,53.57,46.8,16.75
2018-09-06,2513.2,2532.65,2480.0,2496.9,2509.4,395.0,84.0,991214.0,202.0,51.14,52.65,-16.3
2018-09-05,2544.55,2559.05,2480.4,2521.9,2526.25,2128.0,285.0,5375859.0,1101.0,51.74,78.65,-22.65
2018-09-04,2545.0,2580.0,2533.2,2544.35,2549.89,175.0,70.0,446230.0,74.0,42.29,46.8,-0.65
2018-09-03,2589.45,2589.45,2540.0,2544.85,2559.06,461.0,132.0,1179726.0,193.0,41.87,49.45,-44.6
2018-08-31,2510.0,2610.0,2475.15,2590.0,2536.93,3259.0,503.0,8267859.0,976.0,29.95,134.85,80.0
2018-08-30,2651.0,2665.0,2485.2,2532.35,2537.05,3055.0,518.0,7750702.0,1279.0,41.87,179.8,-118.65
2018-08-29,2635.65,2664.8,2612.7,2629.85,2633.43,112.0,38.0,294944.0,81.0,72.32,52.1,-5.8
2018-08-28,2655.0,2699.0,2611.0,2638.3,2651.66,592.0,152.0,1569784.0,249.0,42.06,88.0,-16.7
2018-08-27,2630.0,2725.0,2578.2,2685.55,2672.44,1744.0,387.0,4660731.0,863.0,49.48,146.8,55.55
2018-08-24,2656.8,2656.8,2610.0,2627.15,2632.49,298.0,80.0,784482.0,233.0,78.19,46.8,-29.65
2018-08-23,2635.05,2700.0,2605.0,2644.95,2666.49,2343.0,509.0,6247580.0,658.0,28.08,95.0,9.9
2018-08-21,2650.25,2777.0,2554.75,2600.9,2659.4,4626.0,1138.0,12302384.0,1469.0,31.76,222.25,-49.35
2018-08-20,2662.5,2702.6,2614.5,2626.5,2662.74,1321.0,275.0,3517478.0,303.0,22.94,88.1,-36.0
2018-08-17,2552.35,2699.7,2552.35,2616.65,2639.9,1410.0,303.0,3722259.0,559.0,39.65,147.35,64.3
2018-08-16,2570.6,2573.75,2527.0,2539.6,2553.93,193.0,72.0,492908.0,78.0,40.41,46.75,-31.0
2018-08-14,2533.5,2600.0,2533.5,2553.15,2554.41,252.0,49.0,643712.0,112.0,44.44,66.5,19.65
2018-08-13,2530.0,2573.3,2520.0,2550.75,2543.45,292.0,95.0,742686.0,115.0,39.38,53.3,20.75
2018-08-10,2600.0,2600.0,2470.0,2519.55,2516.58,272.0,99.0,684509.0,123.0,45.22,130.0,-80.45
2018-08-09,2544.7,2562.5,2518.0,2553.75,2535.41,457.0,83.0,1158681.0,207.0,45.3,44.5,9.05
2018-08-08,2525.0,2534.3,2445.0,2490.2,2470.25,1535.0,351.0,3791831.0,847.0,55.18,89.3,-34.8
2018-08-07,2612.3,2676.5,2475.0,2490.3,2512.97,2794.0,381.0,7021235.0,1802.0,64.5,201.5,-122.0
2018-08-06,2700.0,2706.6,2615.7,2645.85,2649.86,1562.0,252.0,4139081.0,909.0,58.19,90.9,-54.15
2018-08-03,2690.0,2705.0,2660.0,2667.65,2673.24,801.0,218.0,2141265.0,603.0,75.28,45.0,-22.35
2018-08-02,2675.05,2707.9,2602.0,2674.4,2680.6,1310.0,273.0,3511587.0,874.0,66.72,105.9,-0.65
2018-08-01,2701.45,2725.0,2559.0,2708.15,2681.75,505.0,152.0,1354283.0,197.0,39.01,166.0,6.7
2018-07-31,2710.0,2735.2,2661.95,2723.35,2704.22,327.0,87.0,884281.0,143.0,43.73,73.25,13.35
2018-07-30,2678.0,2745.0,2668.5,2690.2,2702.73,642.0,129.0,1735151.0,386.0,60.12,76.5,12.2
2018-07-27,2667.6,2753.0,2636.3,2665.35,2674.08,747.0,217.0,1997536.0,325.0,43.51,116.7,-2.25
2018-07-26,2672.0,2731.0,2601.4,2635.3,2642.4,2097.0,473.0,5541113.0,853.0,40.68,129.6,-36.7
2018-07-25,2779.35,2787.0,2640.7,2677.45,2690.48,3421.0,691.0,9204117.0,1650.0,48.23,146.3,-101.9
2018-07-24,2834.25,2871.5,2744.3,2784.2,2820.05,2423.0,457.0,6832972.0,757.0,31.24,127.2,-50.05
2018-07-23,2721.1,2820.0,2705.3,2796.55,2775.92,905.0,264.0,2512205.0,300.0,33.15,114.7,75.45
2018-07-20,2723.65,2773.95,2664.4,2721.1,2708.5,687.0,160.0,1860742.0,407.0,59.24,109.55,-2.55
2018-07-19,2650.0,2741.95,2626.35,2678.65,2668.32,1176.0,333.0,3137950.0,519.0,44.13,115.6,28.65
2018-07-18,2740.0,2744.9,2600.0,2648.55,2666.86,2957.0,667.0,7885904.0,1379.0,46.64,144.9,-91.45
2018-07-17,2818.8,2825.0,2648.45,2684.2,2710.94,3500.0,654.0,9488284.0,1770.0,50.57,176.55,-134.6
2018-07-16,2870.0,2870.0,2763.0,2804.15,2818.82,2774.0,487.0,7819406.0,1215.0,43.8,107.0,-65.85
2018-07-13,2939.75,2949.0,2869.75,2910.6,2904.78,308.0,119.0,894672.0,164.0,53.25,79.25,-29.15
2018-07-12,2967.0,2974.0,2856.0,2867.15,2913.05,1655.0,383.0,4821097.0,1084.0,65.5,118.0,-99.85
2018-07-11,2916.0,3000.0,2916.0,2962.5,2969.37,788.0,197.0,2339865.0,190.0,24.11,84.0,46.5
2018-07-10,2919.0,2969.0,2884.5,2948.4,2931.05,342.0,127.0,1002418.0,132.0,38.6,84.5,29.4
2018-07-09,2960.0,2984.9,2872.0,2898.95,2920.25,548.0,141.0,1600296.0,206.0,37.59,112.9,-61.05
2018-07-06,2970.0,2979.0,2903.0,2913.5,2946.58,289.0,99.0,851561.0,97.0,33.56,76.0,-56.5
2018-07-05,2978.0,2990.0,2885.5,2945.85,2965.96,617.0,222.0,1829997.0,264.0,42.79,104.5,-32.15
2018-07-04,2967.0,3028.0,2915.0,2971.65,2940.33,77926.0,233.0,229128382.0,77263.0,99.15,113.0,4.65
2018-07-03,2866.0,2962.05,2851.55,2939.35,2926.91,986.0,283.0,2885934.0,345.0,34.99,110.5,73.35
2018-07-02,2960.5,2967.85,2850.55,2890.6,2896.27,876.0,233.0,2537130.0,323.0,36.87,117.3,-69.9
2018-06-29,2807.0,2998.0,2807.0,2969.5,2952.9,1024.0,273.0,3023771.0,372.0,36.33,191.0,162.5
2018-06-28,2979.65,2995.7,2850.5,2890.65,2899.5,4132.0,988.0,11980735.0,2073.0,50.17,145.2,-89.0
2018-06-27,2964.75,3053.0,2920.0,2994.85,3001.14,1083.0,261.0,3250233.0,688.0,63.53,133.0,30.1
2018-06-26,2985.7,3103.0,2933.7,2953.1,3010.22,2122.0,529.0,6387689.0,673.0,31.72,169.3,-32.6
2018-06-25,3050.0,3141.7,2937.9,2971.65,3026.52,1879.0,464.0,5686830.0,716.0,38.11,203.8,-78.35
2018-06-22,3169.2,3200.0,3071.1,3135.2,3127.89,761.0,156.0,2380322.0,133.0,17.48,128.9,-34.0
2018-06-21,3093.75,3247.1,3093.75,3171.7,3173.63,3003.0,539.0,9530413.0,1241.0,41.33,153.35,77.95
2018-06-20,3103.15,3288.15,3103.15,3177.15,3199.58,4992.0,862.0,15972317.0,1119.0,22.42,185.0,74.0
2018-06-19,3265.0,3300.0,3060.05,3102.5,3161.9,3922.0,715.0,12400991.0,923.0,23.53,239.95,-162.5
2018-06-18,3200.0,3338.85,3082.6,3231.5,3180.53,4138.0,932.0,13161032.0,1188.0,28.71,256.25,31.5
2018-06-15,2989.0,3240.0,2989.0,3055.5,3117.87,6799.0,1119.0,21198371.0,2873.0,42.26,251.0,66.5
2018-06-14,2929.0,2990.0,2920.0,2983.0,2959.72,645.0,184.0,1909017.0,277.0,42.95,70.0,54.0
2018-06-13,2939.0,3011.4,2903.7,2921.55,2964.83,1118.0,315.0,3314683.0,367.0,32.83,107.7,-17.45
2018-06-12,2866.0,3004.0,2866.0,2939.85,2940.8,6192.0,1096.0,18209418.0,2668.0,43.09,138.0,73.85
2018-06-11,2751.05,2899.05,2751.05,2842.4,2862.54,410.0,121.0,1173641.0,235.0,57.32,148.0,91.35
2018-06-08,2813.0,2950.0,2753.5,2824.55,2830.82,1542.0,420.0,4365117.0,725.0,47.02,196.5,11.55
2018-06-07,2673.0,2856.9,2637.05,2820.05,2777.17,1935.0,376.0,5373824.0,804.0,41.55,219.85,147.05
2018-06-06,2750.0,2750.0,2610.05,2635.55,2651.12,1180.0,293.0,3128322.0,503.0,42.63,139.95,-114.45
2018-06-05,2774.0,2840.0,2600.0,2647.7,2714.01,1079.0,312.0,2928415.0,411.0,38.09,240.0,-126.3
2018-06-04,2777.0,2875.2,2771.9,2794.7,2822.77,1342.0,401.0,3788160.0,388.0,28.91,103.3,17.7
2018-06-01,2700.0,2895.35,2700.0,2768.95,2803.34,2781.0,659.0,7796099.0,726.0,26.11,195.35,68.95
2018-05-31,2646.0,2775.0,2626.0,2728.45,2709.43,1668.0,357.0,4519337.0,796.0,47.72,149.0,82.45
2018-05-30,2608.55,2734.95,2608.55,2643.55,2671.02,667.0,192.0,1781573.0,249.0,37.33,126.4,35.0
2018-05-29,2735.0,2735.0,2650.0,2663.75,2675.66,911.0,238.0,2437526.0,530.0,58.18,85.0,-71.25
2018-05-28,2754.0,2772.0,2707.05,2732.6,2755.38,242.0,79.0,666803.0,158.0,65.29,64.95,-21.4
2018-05-25,2770.0,2789.9,2724.0,2754.7,2750.68,1117.0,368.0,3072509.0,462.0,41.36,65.9,-15.3
2018-05-24,2777.0,2810.0,2725.0,2747.7,2777.84,900.0,192.0,2500057.0,346.0,38.44,85.0,-29.3
2018-05-23,2777.0,2811.0,2720.0,2756.45,2765.64,353.0,80.0,976270.0,83.0,23.51,91.0,-20.55
2018-05-22,2707.0,2799.0,2707.0,2780.8,2777.39,1479.0,276.0,4107760.0,803.0,54.29,92.0,73.8
2018-05-21,2799.9,2819.95,2575.0,2701.15,2785.52,52486.0,505.0,146200548.0,50572.0,96.35,244.95,-98.75
2018-05-18,2900.0,2910.0,2732.0,2761.0,2817.65,1375.0,260.0,3874272.0,460.0,33.45,178.0,-139.0
2018-05-17,2720.0,2911.05,2680.0,2884.8,2839.21,6647.0,1194.0,18872256.0,2101.0,31.61,231.05,164.8
2018-05-16,2738.1,2920.0,2703.75,2763.75,2814.2,10114.0,1621.0,28462771.0,2053.0,20.3,216.25,25.65
2018-05-15,2777.0,2839.0,2720.0,2752.6,2778.16,1679.0,267.0,4664538.0,518.0,30.85,119.0,-24.4
2018-05-14,2860.0,2917.85,2740.0,2754.2,2831.54,2514.0,489.0,7118481.0,840.0,33.41,177.85,-105.8
2018-05-11,2951.0,3070.0,2835.0,2846.45,2920.98,2600.0,452.0,7594556.0,851.0,32.73,235.0,-104.55
2018-05-10,3119.0,3219.0,2960.0,2993.1,3098.2,7325.0,1245.0,22694342.0,2803.0,38.27,259.0,-125.9
2018-05-09,2945.0,3185.0,2945.0,3122.15,3099.46,12543.0,1916.0,38876518.0,3940.0,31.41,240.0,177.15
2018-05-08,2939.35,3025.7,2902.0,2960.05,2974.74,2310.0,500.0,6871650.0,672.0,29.09,123.7,20.7
2018-05-07,3080.0,3124.85,2903.0,2948.65,3001.17,3749.0,749.0,11251385.0,1617.0,43.13,221.85,-131.35
2018-05-04,2929.95,3169.0,2840.05,3077.95,3030.61,9528.0,1525.0,28875657.0,1663.0,17.45,328.95,148.0
2018-05-03,2706.3,3041.85,2690.0,2930.45,2892.46,9420.0,1959.0,27247000.0,2269.0,24.09,351.85,224.15
2018-05-02,2750.0,2769.0,2676.0,2710.35,2719.48,1044.0,203.0,2839140.0,294.0,28.16,93.0,-39.65
2018-04-30,2661.65,2799.0,2635.0,2772.25,2737.25,2970.0,700.0,8129645.0,983.0,33.1,164.0,110.6
2018-04-27,2770.0,2793.0,2600.0,2661.6,2687.91,5198.0,710.0,13971748.0,1795.0,34.53,193.0,-108.4
2018-04-26,2732.0,2869.0,2680.0,2718.7,2752.27,7633.0,1445.0,21008060.0,1847.0,24.2,189.0,-13.3
2018-04-25,2470.0,2948.0,2448.0,2704.5,2743.64,26503.0,5023.0,72714564.0,7374.0,27.82,500.0,234.5
2018-04-24,2259.0,2498.0,2258.0,2474.2,2406.08,9284.0,1015.0,22338076.0,5676.0,61.14,240.0,215.2
2018-04-23,2295.55,2295.55,2207.0,2259.4,2244.72,192.0,106.0,430987.0,95.0,49.48,88.55,-36.15
2018-04-20,2206.0,2269.0,2180.0,2209.5,2220.62,2056.0,339.0,4565600.0,462.0,22.47,89.0,3.5
2018-04-19,2242.8,2246.8,2165.0,2219.2,2222.48,547.0,168.0,1215695.0,297.0,54.3,81.8,-23.6
2018-04-18,2196.25,2248.9,2177.0,2212.75,2210.14,150006.0,586.0,331534706.0,147136.0,98.09,71.9,16.5
2018-04-17,2177.9,2190.0,2162.65,2186.35,2170.11,10169.0,83.0,22067819.0,10051.0,98.84,27.35,8.45
2018-04-16,2195.6,2299.9,2150.0,2168.35,2183.11,316.0,76.0,689863.0,248.0,78.48,149.9,-27.25
2018-04-13,2256.7,2256.7,2192.15,2208.4,2238.67,159.0,34.0,355949.0,135.0,84.91,64.55,-48.3
2018-04-12,2335.0,2335.0,2230.0,2252.55,2255.54,530.0,156.0,1195438.0,247.0,46.6,105.0,-82.45
2018-04-11,2218.8,2267.0,2202.0,2226.9,2233.08,25.0,16.0,55827.0,17.0,68.0,65.0,8.1
2018-04-10,2255.35,2255.35,2187.6,2218.8,2225.03,91.0,47.0,202478.0,58.0,63.74,67.75,-36.55
2018-04-09,2270.0,2299.9,2229.95,2267.05,2269.93,15234.0,60.0,34580137.0,15121.0,99.26,69.95,-2.95
2018-04-06,2272.15,2276.4,2260.1,2268.95,2269.98,10119.0,25.0,22969938.0,10064.0,99.46,16.3,-3.2
2018-04-05,2298.45,2349.0,2256.85,2280.0,2306.81,382.0,84.0,881203.0,92.0,24.08,92.15,-18.45
2018-04-04,2335.0,2335.0,2258.3,2274.35,2285.27,131.0,68.0,299371.0,108.0,82.44,76.7,-60.65
2018-04-03,2340.0,2350.0,2299.0,2311.85,2318.81,86.0,39.0,199418.0,46.0,53.49,51.0,-28.15
2018-04-02,2225.0,2361.15,2225.0,2347.95,2312.91,1345.0,474.0,3110866.0,578.0,42.97,136.15,122.95
2018-03-28,2199.0,2234.55,2094.0,2217.15,2161.9,3358.0,296.0,7259648.0,384.0,11.44,140.55,18.15
2018-03-27,2151.9,2228.8,2130.05,2180.65,2175.46,54440.0,243.0,118431885.0,53586.0,98.43,98.75,28.75
2018-03-26,2115.0,2187.2,2095.0,2109.1,2126.84,1034.0,324.0,2199148.0,541.0,52.32,92.2,-5.9
2018-03-23,2001.0,2225.0,2001.0,2120.65,2059.55,3081.0,192.0,6345476.0,144.0,4.67,224.0,119.65
2018-03-22,2170.0,2180.05,2067.7,2090.85,2140.27,617.0,204.0,1320545.0,385.0,62.4,112.35,-79.15
2018-03-21,2100.0,2192.75,2070.0,2173.5,2157.38,650.0,142.0,1402298.0,288.0,44.31,122.75,73.5
2018-03-20,2090.0,2130.0,2080.45,2110.95,2100.11,50978.0,339.0,107059536.0,50253.0,98.58,49.55,20.95
2018-03-19,2106.0,2218.0,2061.1,2093.8,2105.48,1736.0,277.0,3655107.0,526.0,30.3,156.9,-12.2
2018-03-16,2123.0,2123.0,2020.05,2044.7,2073.0,477.0,97.0,988823.0,363.0,76.1,102.95,-78.3
2018-03-15,2061.0,2110.3,2046.0,2079.6,2076.62,456.0,110.0,946938.0,223.0,48.9,64.3,18.6
2018-03-14,2070.0,2070.0,2019.5,2054.55,2044.63,824.0,147.0,1684773.0,638.0,77.43,50.5,-15.45
2018-03-13,2142.45,2183.0,2051.15,2114.6,2115.12,19405.0,267.0,41043940.0,928.0,4.78,131.85,-27.85
2018-03-12,2200.0,2232.75,2105.0,2151.9,2183.13,688.0,208.0,1501995.0,261.0,37.94,127.75,-48.1
2018-03-09,2199.0,2227.85,2170.0,2185.55,2199.93,80742.0,197.0,177627084.0,80138.0,99.25,57.85,-13.45
2018-03-08,2184.6,2250.0,2160.5,2187.05,2203.01,4878.0,886.0,10746275.0,368.0,7.54,89.5,2.45
2018-03-07,2076.95,2387.25,2070.05,2151.0,2161.59,162345.0,3335.0,350923363.0,136458.0,84.05,317.2,74.05
2018-03-06,2089.15,2100.0,2001.0,2031.7,2049.28,1972.0,128.0,4041185.0,153.0,7.76,99.0,-57.45
2018-03-05,2020.95,2145.0,1990.1,2086.15,2048.96,195.0,63.0,399548.0,133.0,68.21,154.9,65.2
2018-03-01,2070.4,2090.0,2010.25,2033.45,2050.05,492.0,97.0,1008623.0,276.0,56.1,79.75,-36.95
2018-02-28,2050.1,2096.3,2050.05,2076.45,2067.13,218.0,69.0,450635.0,143.0,65.6,46.25,26.35
2018-02-27,2095.0,2119.7,2066.5,2076.45,2078.4,144.0,43.0,299289.0,97.0,67.36,53.2,-18.55
2018-02-26,2138.65,2138.65,2086.0,2092.6,2112.18,1276.0,31.0,2695136.0,31.0,2.43,52.65,-46.05
2018-02-23,2119.2,2119.25,2050.05,2089.45,2093.96,80.0,25.0,167517.0,55.0,68.75,69.2,-29.75
2018-02-22,2093.15,2140.0,2055.05,2120.35,2101.35,164.0,49.0,344621.0,140.0,85.37,84.95,27.2
2018-02-21,2126.85,2126.85,2100.0,2100.15,2116.42,19.0,11.0,40212.0,12.0,63.16,26.85,-26.7
2018-02-20,2178.65,2198.9,2120.05,2150.5,2159.56,1903.0,67.0,4109650.0,424.0,22.28,78.85,-28.15
2018-02-19,2145.35,2240.0,2140.0,2178.75,2163.74,96.0,26.0,207719.0,71.0,73.96,100.0,33.4
2018-02-16,2188.95,2190.55,2090.4,2153.85,2146.7,277.0,48.0,594636.0,127.0,45.85,100.15,-35.1
2018-02-15,2180.0,2200.95,2063.0,2112.65,2127.52,190.0,57.0,404229.0,96.0,50.53,137.95,-67.35
2018-02-14,2150.0,2233.95,2144.0,2190.65,2191.06,275.0,76.0,602542.0,222.0,80.73,89.95,40.65
2018-02-12,2286.5,2295.05,2150.05,2191.85,2215.24,389.0,105.0,861728.0,237.0,60.93,145.0,-94.65
2018-02-09,2143.75,2221.5,2143.75,2191.1,2170.48,447.0,43.0,970205.0,325.0,72.71,77.75,47.35
2018-02-08,2169.75,2220.0,2102.0,2211.8,2204.71,218.0,34.0,480626.0,167.0,76.61,118.0,42.05
2018-02-07,2181.0,2181.0,2130.3,2160.65,2154.25,155.0,30.0,333909.0,83.0,53.55,50.7,-20.35
2018-02-06,2050.0,2198.95,1951.05,2083.35,2017.29,289.0,46.0,582996.0,134.0,46.37,247.9,33.35
2018-02-05,2005.0,2140.0,2005.0,2108.5,2105.79,592.0,144.0,1246625.0,344.0,58.11,135.0,103.5
2018-02-02,2309.75,2309.75,2140.05,2191.1,2208.99,565.0,128.0,1248080.0,294.0,52.04,169.7,-118.65
2018-02-01,2205.4,2350.0,2205.05,2309.95,2281.78,467.0,79.0,1065590.0,348.0,74.52,144.95,104.55
2018-01-31,2280.0,2300.0,2234.95,2239.85,2257.94,205.0,80.0,462877.0,108.0,52.68,65.05,-40.15
2018-01-30,2260.0,2350.0,2209.0,2284.8,2269.04,1879.0,459.0,4263533.0,281.0,14.95,141.0,24.8
2018-01-29,2160.1,2270.0,2160.1,2256.85,2225.46,497.0,82.0,1106052.0,248.0,49.9,109.9,96.75
2018-01-25,2211.8,2275.0,2190.0,2203.15,2216.37,666.0,94.0,1476105.0,383.0,57.51,85.0,-8.65
2018-01-24,2210.0,2285.0,2200.0,2200.05,2240.99,350.0,72.0,784346.0,225.0,64.29,85.0,-9.95
2018-01-23,2282.75,2295.0,2211.05,2238.6,2249.72,381.0,74.0,857143.0,222.0,58.27,83.95,-44.15
2018-01-22,2270.1,2399.3,2250.0,2262.4,2302.58,1632.0,434.0,3757813.0,581.0,35.6,149.3,-7.7
2018-01-19,2162.1,2349.9,2162.1,2302.0,2261.34,993.0,175.0,2245514.0,336.0,33.84,187.8,139.9
2018-01-18,2270.0,2450.0,2251.45,2363.15,2303.55,6952.0,553.0,16014271.0,4027.0,57.93,198.55,93.15
2018-01-17,2230.5,2275.0,2210.0,2251.3,2239.39,1125.0,192.0,2519314.0,414.0,36.8,65.0,20.8
2018-01-16,2288.5,2288.5,2180.0,2205.65,2218.72,1728.0,220.0,3833953.0,768.0,44.44,108.5,-82.85
2018-01-15,2265.6,2324.4,2250.0,2256.25,2283.77,952.0,148.0,2174147.0,415.0,43.59,74.4,-9.35
2018-01-12,2300.0,2520.0,2250.0,2274.65,2334.78,4845.0,946.0,11312001.0,1358.0,28.03,270.0,-25.35
2018-01-11,2304.35,2306.2,2233.0,2276.25,2273.02,1595.0,269.0,3625463.0,468.0,29.34,73.2,-28.1
2018-01-10,2355.0,2357.65,2285.0,2325.85,2328.28,717.0,158.0,1669378.0,269.0,37.52,72.65,-29.15
2018-01-09,2402.55,2404.0,2350.0,2360.65,2385.84,1589.0,256.0,3791104.0,738.0,46.44,54.0,-41.9
2018-01-08,2385.0,2432.35,2320.0,2375.0,2378.06,881.0,181.0,2095074.0,351.0,39.84,112.35,-10.0
2018-01-05,2328.15,2429.9,2313.05,2375.95,2383.41,2331.0,390.0,5555730.0,871.0,37.37,116.85,47.8
2018-01-04,2429.95,2429.95,2282.0,2288.5,2301.8,588.0,97.0,1353460.0,214.0,36.39,147.95,-141.45
2018-01-03,2319.35,2375.0,2300.55,2328.1,2332.34,720.0,99.0,1679285.0,296.0,41.11,74.45,8.75
2018-01-02,2425.0,2434.95,2333.2,2359.75,2379.89,1011.0,156.0,2406064.0,381.0,37.69,101.75,-65.25
2018-01-01,2415.0,2444.0,2350.15,2391.7,2412.59,601.0,91.0,1449967.0,381.0,63.39,93.85,-23.3
2017-12-29,2479.75,2495.55,2424.0,2432.85,2453.81,1320.0,145.0,3239026.0,594.0,45.0,71.55,-46.9
2017-12-28,2465.4,2490.0,2426.8,2464.7,2459.51,877.0,155.0,2156992.0,396.0,45.15,63.2,-0.7
2017-12-27,2488.9,2518.9,2415.35,2457.45,2465.93,1401.0,190.0,3454767.0,473.0,33.76,103.55,-31.45
2017-12-26,2399.5,2536.8,2399.35,2475.7,2479.48,6307.0,761.0,15638064.0,1855.0,29.41,137.45,76.2
2017-12-22,2262.0,2375.0,2259.65,2350.0,2340.49,6454.0,641.0,15105517.0,1880.0,29.13,115.35,88.0
2017-12-21,2069.85,2350.0,2060.15,2261.7,2190.31,3047.0,411.0,6673863.0,1457.0,47.82,289.85,191.85
2017-12-20,2010.05,2140.0,2010.0,2037.15,2087.78,1876.0,369.0,3916668.0,589.0,31.4,130.0,27.1
2017-12-19,2000.0,2054.0,1965.45,2014.4,2008.69,2532.0,207.0,5086010.0,2036.0,80.41,88.55,14.4
2017-12-18,2021.0,2075.0,2003.05,2012.8,2028.58,916.0,170.0,1858183.0,421.0,45.96,71.95,-8.2
2017-12-15,2021.05,2116.2,2021.05,2057.55,2058.81,1451.0,204.0,2987334.0,799.0,55.07,95.15,36.5
2017-12-14,2149.0,2185.0,2040.0,2054.25,2066.14,719.0,162.0,1485555.0,363.0,50.49,145.0,-94.75
2017-12-13,2198.9,2198.9,2138.0,2149.6,2157.45,242.0,63.0,522104.0,117.0,48.35,60.9,-49.3
2017-12-12,2245.1,2245.1,2151.0,2181.25,2201.76,901.0,225.0,1983789.0,367.0,40.73,94.1,-63.85
2017-12-11,2199.9,2335.5,2145.0,2241.05,2149.11,82103.0,646.0,176448741.0,79712.0,97.09,190.5,41.15
2017-12-08,2159.0,2169.95,2080.0,2110.35,2111.9,2259.0,390.0,4770790.0,1265.0,56.0,89.95,-48.65
2017-12-07,2125.0,2152.15,2086.5,2094.9,2113.59,899.0,209.0,1900119.0,252.0,28.03,65.65,-30.1
2017-12-06,2064.25,2180.0,2043.0,2080.4,2113.43,815.0,222.0,1722446.0,221.0,27.12,137.0,16.15
2017-12-05,2166.8,2166.8,2025.0,2064.25,2085.67,1726.0,284.0,3599862.0,1302.0,75.43,141.8,-102.55
2017-12-04,2199.0,2235.0,2143.0,2175.0,2199.0,527.0,159.0,1158874.0,183.0,34.72,92.0,-24.0
2017-12-01,2222.0,2256.0,2182.7,2189.5,2220.15,1264.0,272.0,2806272.0,475.0,37.58,73.3,-32.5
2017-11-30,2243.95,2260.0,2165.0,2212.45,2215.36,1384.0,333.0,3066062.0,434.0,31.36,95.0,-31.5
2017-11-29,2200.0,2283.85,2200.0,2216.0,2244.74,3632.0,644.0,8152909.0,1281.0,35.27,83.85,16.0
2017-11-28,2066.0,2302.9,2066.0,2195.15,2208.15,12578.0,1651.0,27774082.0,3215.0,25.56,236.9,129.15
2017-11-27,1968.65,2060.0,1968.65,2023.4,2033.03,1420.0,183.0,2886908.0,546.0,38.45,91.35,54.75
2017-11-24,2061.0,2083.55,1964.0,2002.3,2029.52,1800.0,336.0,3653127.0,381.0,21.17,119.55,-58.7
2017-11-23,2100.1,2116.85,2036.1,2083.35,2070.23,2496.0,397.0,5167297.0,642.0,25.72,80.75,-16.75
2017-11-22,1950.0,2184.95,1950.0,2089.0,2064.92,14946.0,2072.0,30862364.0,2289.0,15.32,234.95,139.0
2017-11-21,1836.0,1932.0,1836.0,1892.15,1900.15,950.0,145.0,1805139.0,528.0,55.58,96.0,56.15
2017-11-20,1820.0,1863.55,1810.0,1854.4,1845.33,308.0,29.0,568363.0,182.0,59.09,53.55,34.4
2017-11-17,1898.65,1898.65,1795.0,1821.05,1832.05,314.0,123.0,575265.0,138.0,43.95,103.65,-77.6
2017-11-16,1837.3,1855.0,1801.0,1848.0,1839.99,273.0,50.0,502316.0,223.0,81.68,54.0,10.7
2017-11-15,1870.55,1870.55,1800.0,1836.75,1829.93,276.0,59.0,505061.0,147.0,53.26,70.55,-33.8
2017-11-14,1877.9,1890.0,1826.0,1848.45,1855.53,154.0,39.0,285751.0,66.0,42.86,64.0,-29.45
2017-11-13,1878.0,1899.0,1830.0,1893.8,1847.78,285.0,72.0,526616.0,200.0,70.18,69.0,15.8
2017-11-10,1887.0,1895.0,1840.6,1869.6,1860.06,236.0,65.0,438974.0,134.0,56.78,54.4,-17.4
2017-11-09,1848.0,1930.6,1832.0,1905.05,1881.37,2985.0,484.0,5615880.0,1135.0,38.02,98.6,57.05
2017-11-08,1675.0,1953.0,1675.0,1830.95,1894.14,5285.0,988.0,10010546.0,1363.0,25.79,278.0,155.95
2017-11-07,1645.0,1710.0,1603.0,1669.5,1659.89,1143.0,188.0,1897251.0,530.0,46.37,107.0,24.5
2017-11-06,1625.0,1649.95,1597.15,1634.85,1632.06,32.0,14.0,52226.0,17.0,53.12,52.8,9.85
2017-11-03,1646.85,1650.0,1609.1,1616.6,1622.14,115.0,17.0,186546.0,85.0,73.91,40.9,-30.25
2017-11-02,1652.75,1652.75,1615.0,1630.2,1630.3,139.0,25.0,226612.0,75.0,53.96,37.75,-22.55
2017-11-01,1625.0,1645.0,1625.0,1644.65,1628.07,150.0,17.0,244210.0,134.0,89.33,20.0,19.65
2017-10-31,1610.0,1625.0,1592.8,1613.4,1608.01,81.0,15.0,130249.0,41.0,50.62,32.2,3.4
2017-10-30,1560.0,1650.0,1560.0,1631.25,1618.95,285.0,83.0,461401.0,198.0,69.47,90.0,71.25
2017-10-27,1625.4,1644.0,1625.2,1632.9,1634.48,80.0,15.0,130758.0,44.0,55.0,18.8,7.5
2017-10-26,1624.4,1650.0,1624.4,1644.3,1644.02,65.0,18.0,106861.0,53.0,81.54,25.6,19.9
2017-10-25,1617.3,1647.0,1602.0,1628.45,1625.8,204.0,28.0,331663.0,114.0,55.88,45.0,11.15
2017-10-24,1642.4,1650.0,1640.2,1647.8,1648.08,149.0,17.0,245564.0,119.0,79.87,9.8,5.4
2017-10-23,1641.0,1650.0,1613.05,1649.8,1623.98,363.0,76.0,589506.0,287.0,79.06,36.95,8.8
2017-10-19,1630.95,1630.95,1604.3,1608.0,1611.36,36.0,10.0,58009.0,28.0,77.78,26.65,-22.95
2017-10-18,1570.85,1583.95,1561.0,1570.2,1575.43,277.0,36.0,436395.0,275.0,99.28,22.95,-0.65
2017-10-17,1600.0,1617.0,1568.05,1572.55,1582.37,423.0,90.0,669344.0,252.0,59.57,48.95,-27.45
2017-10-16,1636.0,1671.0,1576.25,1610.65,1627.44,284.0,62.0,462193.0,117.0,41.2,94.75,-25.35
2017-10-13,1625.0,1655.3,1576.0,1614.85,1618.95,400.0,62.0,647580.0,225.0,56.25,79.3,-10.15
2017-10-12,1658.0,1658.0,1590.0,1593.35,1601.16,333.0,36.0,533186.0,239.0,71.77,68.0,-64.65
2017-10-11,1637.3,1640.0,1637.3,1640.0,1638.6,10.0,2.0,16386.0,5.0,50.0,2.7,2.7
2017-10-10,1627.35,1651.0,1582.0,1595.0,1633.29,177.0,62.0,289093.0,116.0,65.54,69.0,-32.35
2017-10-09,1600.0,1630.0,1595.0,1620.0,1607.94,198.0,44.0,318372.0,120.0,60.61,35.0,20.0
2017-10-06,1649.95,1649.95,1580.0,1600.65,1605.69,62.0,23.0,99553.0,38.0,61.29,69.95,-49.3
2017-10-05,1650.0,1650.0,1620.0,1620.0,1635.52,63.0,33.0,103038.0,47.0,74.6,30.0,-30.0
2017-10-04,1648.0,1648.0,1610.25,1610.65,1637.73,79.0,12.0,129381.0,76.0,96.2,37.75,-37.35
2017-10-03,1640.55,1655.0,1631.8,1643.6,1644.43,180.0,20.0,295997.0,124.0,68.89,23.2,3.05
2017-09-29,1686.0,1686.0,1571.8,1607.65,1643.17,275.0,71.0,451873.0,127.0,46.18,114.2,-78.35
2017-09-28,1584.4,1651.85,1580.0,1645.25,1614.16,391.0,92.0,631135.0,253.0,64.71,71.85,60.85
2017-09-27,1616.0,1638.0,1560.05,1566.6,1613.16,771.0,58.0,1243744.0,715.0,92.74,77.95,-49.4
2017-09-26,1590.0,1702.9,1555.0,1661.45,1629.12,285.0,57.0,464299.0,185.0,64.91,147.9,71.45
2017-09-25,1558.15,1620.0,1472.75,1613.6,1552.98,779.0,119.0,1209769.0,473.0,60.72,147.25,55.45
2017-09-22,1596.75,1600.0,1575.0,1589.15,1587.37,54.0,14.0,85718.0,38.0,70.37,25.0,-7.6
2017-09-21,1652.0,1652.0,1584.45,1633.2,1611.92,153.0,39.0,246624.0,75.0,49.02,67.55,-18.8
2017-09-20,1600.0,1625.0,1568.35,1606.2,1598.19,89.0,24.0,142239.0,42.0,47.19,56.65,6.2
2017-09-19,1555.0,1618.95,1500.05,1546.4,1584.62,330.0,78.0,522926.0,200.0,60.61,118.9,-8.6
2017-09-18,1626.0,1650.0,1506.0,1525.75,1562.17,1020.0,305.0,1593410.0,721.0,70.69,144.0,-100.25
2017-09-15,1656.85,1660.7,1580.0,1615.1,1642.46,595.0,109.0,977265.0,273.0,45.88,80.7,-41.75
2017-09-14,1600.0,1640.0,1591.05,1612.9,1614.91,550.0,119.0,888202.0,161.0,29.27,48.95,12.9
2017-09-13,1656.65,1656.65,1600.0,1607.0,1649.59,10119.0,48.0,16692151.0,10099.0,99.8,56.65,-49.65
2017-09-12,1644.0,1660.8,1620.0,1660.8,1630.12,10245.0,21.0,16700595.0,10012.0,97.73,40.8,16.8
2017-09-11,1675.2,1691.95,1630.0,1637.05,1654.36,317.0,72.0,524432.0,149.0,47.0,61.95,-38.15
2017-09-08,1707.35,1771.0,1610.0,1634.95,1714.23,1954.0,386.0,3349615.0,1210.0,61.92,161.0,-72.4
2017-09-07,1640.0,1715.05,1600.0,1697.0,1670.28,699.0,164.0,1167528.0,333.0,47.64,115.05,57.0
2017-09-06,1520.0,1664.0,1520.0,1605.15,1594.89,662.0,202.0,1055817.0,323.0,48.79,144.0,85.15
2017-09-05,1501.6,1545.0,1475.05,1513.75,1509.99,89.0,34.0,134389.0,60.0,67.42,69.95,12.15
2017-09-04,1500.0,1500.0,1485.0,1485.2,1490.54,28.0,6.0,41735.0,7.0,25.0,15.0,-14.8
2017-09-01,1486.0,1530.0,1465.5,1486.15,1485.18,34303.0,69.0,50946211.0,34223.0,99.77,64.5,0.15
2017-08-31,1522.6,1522.6,1490.0,1510.0,1494.81,42.0,21.0,62782.0,31.0,73.81,32.6,-12.6
2017-08-30,1495.0,1495.0,1488.0,1490.0,1491.75,32.0,6.0,47736.0,32.0,100.0,7.0,-5.0
2017-08-29,1470.2,1498.0,1455.65,1480.0,1469.82,28.0,8.0,41155.0,15.0,53.57,42.35,9.8
2017-08-28,1478.2,1478.2,1460.0,1460.0,1470.14,7.0,4.0,10291.0,3.0,42.86,18.2,-18.2
2017-08-24,1471.65,1487.0,1465.0,1487.0,1476.36,25.0,7.0,36909.0,15.0,60.0,22.0,15.35
2017-08-23,1455.0,1477.8,1450.9,1477.8,1462.4,5.0,5.0,7312.0,1.0,20.0,26.9,22.8
2017-08-22,1470.0,1490.0,1462.7,1473.35,1470.42,65.0,14.0,95577.0,55.0,84.62,27.3,3.35
2017-08-21,1460.0,1498.9,1451.55,1460.0,1477.85,174.0,46.0,257146.0,65.0,37.36,47.35,0.0
2017-08-18,1456.0,1474.0,1411.0,1474.0,1443.44,623.0,7.0,899262.0,23.0,3.69,63.0,18.0
2017-08-17,1480.0,1493.65,1434.9,1456.05,1462.14,180.0,40.0,263185.0,149.0,82.78,58.75,-23.95
2017-08-16,1448.0,1520.0,1442.0,1465.0,1469.97,819.0,92.0,1203903.0,201.0,24.54,78.0,17.0
2017-08-14,1430.0,1449.0,1416.0,1420.6,1430.03,1058.0,36.0,1512972.0,108.0,10.21,33.0,-9.4
2017-08-11,1409.1,1432.0,1366.3,1414.6,1403.66,340.0,52.0,477244.0,160.0,47.06,65.7,5.5
2017-08-10,1435.0,1435.0,1390.05,1403.75,1409.69,99.0,21.0,139559.0,62.0,62.63,44.95,-31.25
2017-08-09,1415.0,1451.4,1415.0,1431.85,1425.92,117.0,11.0,166833.0,104.0,88.89,36.4,16.85
2017-08-08,1408.55,1458.0,1388.25,1421.2,1416.78,3862.0,606.0,5471592.0,202.0,5.23,69.75,12.65
2017-08-07,1397.0,1405.0,1394.95,1405.0,1401.06,137.0,45.0,191945.0,97.0,70.8,10.05,8.0
2017-08-04,1430.0,1447.0,1390.0,1404.8,1420.85,1049.0,36.0,1490471.0,27.0,2.57,57.0,-25.2
2017-08-03,1434.8,1451.0,1418.0,1427.15,1430.13,77.0,16.0,110120.0,60.0,77.92,33.0,-7.65
2017-08-02,1400.0,1448.0,1390.0,1402.85,1422.23,1285.0,81.0,1827570.0,118.0,9.18,58.0,2.85
2017-08-01,1383.8,1417.1,1354.0,1396.65,1370.99,1243.0,70.0,1704141.0,166.0,13.35,63.1,12.85
2017-07-31,1305.0,1420.0,1305.0,1377.95,1374.09,506.0,117.0,695291.0,250.0,49.41,115.0,72.95
2017-07-28,1305.0,1310.0,1282.4,1302.7,1294.99,322.0,29.0,416987.0,201.0,62.42,27.6,-2.3
2017-07-27,1315.3,1315.3,1281.05,1299.35,1302.16,437.0,127.0,569043.0,357.0,81.69,34.25,-15.95
2017-07-26,1373.25,1373.25,1270.0,1320.1,1334.16,245.0,52.0,326869.0,109.0,44.49,103.25,-53.15
2017-07-25,1335.15,1353.05,1311.0,1321.85,1326.18,158.0,41.0,209537.0,80.0,50.63,42.05,-13.3
2017-07-24,1390.0,1397.35,1311.0,1359.7,1350.42,1480.0,179.0,1998616.0,761.0,51.42,86.35,-30.3
2017-07-21,1430.0,1453.25,1380.4,1395.7,1422.74,1315.0,99.0,1870906.0,238.0,18.1,72.85,-34.3
2017-07-20,1450.0,1479.95,1434.0,1458.25,1456.4,2067.0,24.0,3010382.0,40.0,1.94,45.95,8.25
2017-07-19,1488.0,1509.0,1430.0,1439.3,1462.22,739.0,166.0,1080578.0,415.0,56.16,79.0,-48.7
2017-07-18,1477.0,1503.15,1477.0,1487.95,1499.92,30304.0,47.0,45453485.0,30098.0,99.32,26.15,10.95
2017-07-17,1481.0,1520.95,1403.0,1473.95,1479.29,582.0,133.0,860946.0,405.0,69.59,117.95,-7.05
2017-07-14,1455.0,1480.0,1425.1,1465.5,1449.95,684.0,81.0,991765.0,402.0,58.77,54.9,10.5
2017-07-13,1504.75,1530.0,1475.0,1490.95,1501.8,345.0,82.0,518122.0,267.0,77.39,55.0,-13.8
2017-07-12,1479.2,1542.1,1479.2,1511.6,1512.04,395.0,54.0,597257.0,215.0,54.43,62.9,32.4
2017-07-11,1505.0,1510.0,1429.0,1500.15,1485.54,2156.0,148.0,3202814.0,1639.0,76.02,81.0,-4.85
2017-07-10,1364.0,1586.85,1363.0,1472.8,1466.84,39558.0,374.0,58025232.0,36964.0,93.44,223.85,108.8
2017-07-07,1385.0,1469.9,1385.0,1446.6,1452.5,1166.0,89.0,1693620.0,730.0,62.61,84.9,61.6
2017-07-06,1452.0,1472.0,1430.2,1442.2,1451.45,1221.0,134.0,1772217.0,686.0,56.18,41.8,-9.8
2017-07-05,1420.0,1440.7,1409.1,1435.85,1423.45,260.0,55.0,370097.0,151.0,58.08,31.6,15.85
2017-07-04,1381.0,1428.0,1371.65,1415.75,1412.14,1623.0,135.0,2291909.0,1411.0,86.94,56.35,34.75
2017-07-03,1346.45,1381.0,1338.75,1380.85,1366.77,327.0,53.0,446933.0,293.0,89.6,42.25,34.4
2017-06-30,1333.0,1345.0,1330.0,1344.8,1338.92,399.0,46.0,534228.0,329.0,82.46,15.0,11.8
2017-06-29,1305.0,1344.95,1305.0,1331.35,1337.22,65.0,11.0,86919.0,53.0,81.54,39.95,26.35
2017-06-28,1318.7,1332.0,1304.0,1306.7,1317.38,1519.0,42.0,2001094.0,71.0,4.67,28.0,-12.0
2017-06-27,1340.0,1367.25,1310.0,1326.95,1324.61,440.0,70.0,582830.0,267.0,60.68,57.25,-13.05
2017-06-23,1325.0,1370.0,1300.05,1331.95,1328.31,895.0,125.0,1188839.0,684.0,76.42,69.95,6.95
2017-06-22,1311.4,1336.65,1300.3,1336.65,1319.7,86.0,14.0,113494.0,66.0,76.74,36.35,25.25
2017-06-21,1330.0,1333.0,1319.35,1322.7,1327.78,73.0,22.0,96928.0,53.0,72.6,13.65,-7.3
2017-06-20,1315.0,1347.2,1305.0,1331.6,1327.45,2499.0,71.0,3317307.0,259.0,10.36,42.2,16.6
2017-06-19,1345.0,1350.0,1295.05,1321.9,1329.7,2675.0,95.0,3556937.0,458.0,17.12,54.95,-23.1
2017-06-16,1335.0,1335.0,1320.0,1320.0,1325.85,71.0,15.0,94135.0,60.0,84.51,15.0,-15.0
2017-06-15,1341.9,1350.0,1324.4,1340.5,1342.13,290.0,39.0,389217.0,218.0,75.17,25.6,-1.4
2017-06-14,1316.55,1341.0,1316.0,1338.5,1326.09,1822.0,70.0,2416141.0,157.0,8.62,25.0,21.95
2017-06-13,1289.0,1325.0,1289.0,1323.5,1312.79,1116.0,127.0,1465072.0,1013.0,90.77,36.0,34.5
2017-06-12,1294.0,1299.0,1268.0,1291.8,1279.7,389.0,49.0,497803.0,282.0,72.49,31.0,-2.2
2017-06-09,1266.0,1299.0,1255.0,1294.2,1286.46,702.0,121.0,903092.0,468.0,66.67,44.0,28.2
2017-06-08,1235.05,1265.0,1225.85,1260.15,1254.52,672.0,120.0,843038.0,524.0,77.98,39.15,25.1
2017-06-07,1203.2,1245.0,1200.0,1234.85,1234.77,731.0,179.0,902614.0,517.0,70.73,45.0,31.65
2017-06-06,1200.5,1230.0,1200.5,1221.55,1218.3,278.0,51.0,338688.0,278.0,100.0,29.5,21.05
2017-06-05,1236.15,1236.15,1190.0,1190.0,1205.7,187.0,24.0,225465.0,132.0,70.59,46.15,-46.15
2017-06-02,1198.0,1210.0,1186.0,1187.55,1196.17,499.0,43.0,596888.0,420.0,84.17,24.0,-10.45
2017-06-01,1170.0,1210.0,1164.7,1199.6,1194.0,879.0,145.0,1049526.0,628.0,71.44,45.3,29.6
2017-05-31,1167.75,1169.95,1162.0,1167.5,1165.46,220.0,40.0,256402.0,200.0,90.91,7.95,-0.25
2017-05-30,1165.0,1165.0,1152.0,1152.0,1161.47,58.0,5.0,67365.0,58.0,100.0,13.0,-13.0
2017-05-29,1162.0,1162.95,1140.0,1140.0,1158.81,166.0,37.0,192363.0,127.0,76.51,22.95,-22.0
2017-05-26,1160.0,1161.7,1150.0,1151.75,1156.91,54.0,18.0,62473.0,39.0,72.22,11.7,-8.25
2017-05-25,1147.7,1163.7,1147.7,1153.3,1154.87,221.0,37.0,255226.0,174.0,78.73,16.0,5.6
2017-05-24,1124.3,1151.7,1122.35,1135.35,1136.6,401.0,76.0,455775.0,299.0,74.56,29.35,11.05
2017-05-23,1150.0,1150.0,1135.0,1147.65,1146.42,853.0,160.0,977897.0,743.0,87.1,15.0,-2.35
2017-05-22,1193.3,1193.3,1150.0,1152.3,1173.79,175.0,31.0,205413.0,104.0,59.43,43.3,-41.0
2017-05-19,1239.95,1259.5,1165.0,1168.9,1218.61,2777.0,248.0,3384082.0,1897.0,68.31,94.5,-71.05
2017-05-18,1105.0,1226.6,1105.0,1198.7,1195.77,3080.0,506.0,3682983.0,1093.0,35.49,121.6,93.7
2017-05-17,1150.0,1174.0,1130.75,1164.1,1158.43,531.0,48.0,615128.0,339.0,63.84,43.25,14.1
2017-05-16,1149.9,1167.7,1145.2,1164.25,1155.1,656.0,62.0,757744.0,538.0,82.01,22.5,14.35
2017-05-15,1132.25,1144.95,1129.0,1143.65,1138.92,519.0,36.0,591099.0,458.0,88.25,15.95,11.4
2017-05-12,1054.0,1131.2,1054.0,1125.0,1112.75,260.0,41.0,289316.0,122.0,46.92,77.2,71.0
2017-05-11,1129.7,1130.1,1100.0,1104.95,1113.84,375.0,53.0,417689.0,252.0,67.2,30.1,-24.75
2017-05-10,1112.0,1139.8,1112.0,1134.25,1130.01,568.0,86.0,641846.0,330.0,58.1,27.8,22.25
2017-05-09,1096.15,1120.0,1096.1,1116.25,1113.14,571.0,56.0,635601.0,453.0,79.33,23.9,20.1
2017-05-08,1098.0,1112.3,1087.25,1108.75,1098.18,446.0,59.0,489789.0,281.0,63.0,25.05,10.75
2017-05-05,1098.0,1098.0,1083.0,1091.1,1089.62,987.0,75.0,1075457.0,761.0,77.1,15.0,-6.9
2017-05-04,1087.2,1100.0,1087.2,1097.05,1095.17,750.0,102.0,821376.0,554.0,73.87,12.8,9.85
2017-05-03,1068.6,1090.2,1068.6,1084.15,1081.32,417.0,55.0,450912.0,162.0,38.85,21.6,15.55
2017-05-02,1059.3,1090.0,1057.1,1088.4,1080.06,264.0,34.0,285136.0,210.0,79.55,32.9,29.1
2017-04-28,1026.5,1080.95,1026.5,1059.45,1059.02,267.0,55.0,282758.0,130.0,48.69,54.45,32.95
2017-04-27,1062.4,1074.2,1035.0,1064.3,1062.38,613.0,54.0,651240.0,304.0,49.59,39.2,1.9
2017-04-26,1080.0,1085.0,1052.0,1076.6,1076.94,522.0,49.0,562162.0,381.0,72.99,33.0,-3.4
2017-04-25,1101.0,1101.0,1080.4,1086.35,1086.63,397.0,51.0,431393.0,215.0,54.16,20.6,-14.65
2017-04-24,1100.0,1109.8,1082.0,1096.9,1093.64,1990.0,314.0,2176350.0,1207.0,60.65,27.8,-3.1
2017-04-21,1054.9,1120.0,1041.25,1103.95,1091.26,17493.0,1338.0,19089357.0,5756.0,32.9,78.75,49.05
2017-04-20,1044.75,1045.0,1034.45,1037.4,1038.87,118.0,16.0,122587.0,62.0,52.54,10.55,-7.35
2017-04-19,1055.0,1060.0,1033.25,1051.0,1047.88,498.0,53.0,521845.0,335.0,67.27,26.75,-4.0
2017-04-18,1036.0,1056.95,1035.0,1041.55,1047.33,756.0,67.0,791779.0,548.0,72.49,21.95,5.55
2017-04-17,1045.0,1057.9,1035.0,1035.65,1042.35,501.0,57.0,522215.0,301.0,60.08,22.9,-9.35
2017-04-13,1049.0,1069.95,1035.6,1049.3,1048.62,812.0,43.0,851478.0,769.0,94.7,34.35,0.3
2017-04-12,1047.95,1059.65,1020.5,1040.25,1037.4,961.0,127.0,996944.0,617.0,64.2,39.15,-7.7
2017-04-11,1043.4,1080.0,1030.3,1047.75,1038.6,2703.0,114.0,2807338.0,416.0,15.39,49.7,4.35
2017-04-10,1010.0,1048.0,1010.0,1038.0,1027.29,2064.0,56.0,2120319.0,548.0,26.55,38.0,28.0
2017-04-07,1011.6,1040.0,1011.6,1021.95,1028.6,1014.0,83.0,1043005.0,804.0,79.29,28.4,10.35
2017-04-06,1004.0,1012.45,1000.0,1002.3,1005.71,1509.0,100.0,1517621.0,1043.0,69.12,12.45,-1.7
2017-04-05,1030.0,1030.0,989.0,1003.8,1008.75,1854.0,130.0,1870221.0,1418.0,76.48,41.0,-26.2
2017-04-03,1001.0,1005.95,982.0,998.9,995.32,959.0,93.0,954514.0,475.0,49.53,23.95,-2.1
2017-03-31,961.0,995.0,960.0,980.55,979.34,1688.0,215.0,1653123.0,1283.0,76.01,35.0,19.55
2017-03-30,950.0,961.9,936.2,952.1,954.5,1355.0,28.0,1293341.0,159.0,11.73,25.7,2.1
2017-03-29,951.75,962.6,927.5,940.9,956.74,12176.0,170.0,11649270.0,599.0,4.92,35.1,-10.85
2017-03-28,943.95,955.0,940.75,948.5,947.17,147.0,26.0,139234.0,135.0,91.84,14.25,4.55
2017-03-27,956.0,956.0,932.0,933.6,944.62,31385.0,79.0,29647042.0,29617.0,94.37,24.0,-22.4
2017-03-24,973.0,974.8,951.2,953.55,961.17,486.0,63.0,467131.0,256.0,52.67,23.6,-19.45
2017-03-23,954.0,970.0,952.2,958.5,969.95,80391.0,66.0,77975213.0,80212.0,99.78,17.8,4.5
2017-03-22,968.0,975.0,963.5,964.0,968.81,202.0,45.0,195700.0,141.0,69.8,11.5,-4.0
2017-03-21,974.4,985.0,956.3,968.45,968.05,498.0,143.0,482087.0,289.0,58.03,28.7,-5.95
2017-03-20,942.0,983.0,942.0,967.7,966.38,1060.0,163.0,1024360.0,444.0,41.89,41.0,25.7
2017-03-17,927.0,963.3,927.0,947.9,950.55,2633.0,330.0,2502802.0,1445.0,54.88,36.3,20.9
2017-03-16,927.0,952.9,917.05,929.35,934.45,2681.0,281.0,2505265.0,1426.0,53.19,35.85,2.35
2017-03-15,899.95,943.75,891.6,907.8,919.86,7305.0,787.0,6719595.0,2620.0,35.87,52.15,7.85
2017-03-14,896.25,912.0,880.0,882.15,891.91,206.0,55.0,183734.0,115.0,55.83,32.0,-14.1
2017-03-10,907.0,927.0,884.0,892.35,907.35,458.0,91.0,415565.0,299.0,65.28,43.0,-14.65
2017-03-09,910.0,920.0,900.5,902.75,906.9,803.0,159.0,728242.0,402.0,50.06,19.5,-7.25
2017-03-08,901.0,917.15,898.0,909.3,908.96,548.0,38.0,498111.0,380.0,69.34,19.15,8.3
2017-03-07,890.0,939.4,890.0,909.05,912.66,10685.0,1251.0,9751780.0,1996.0,18.68,49.4,19.05
2017-03-06,873.95,878.9,867.8,869.95,874.2,1370.0,36.0,1197652.0,110.0,8.03,11.1,-4.0
2017-03-03,857.25,870.9,855.6,866.35,863.22,1566.0,16.0,1351804.0,243.0,15.52,15.3,9.1
2017-03-02,862.0,875.0,860.0,865.2,868.22,2338.0,151.0,2029894.0,1775.0,75.92,15.0,3.2
2017-03-01,869.0,869.0,850.0,859.55,863.18,962.0,88.0,830376.0,863.0,89.71,19.0,-9.45
2017-02-28,857.0,870.0,850.05,855.5,862.36,1112.0,80.0,958946.0,938.0,84.35,19.95,-1.5
2017-02-27,864.7,864.8,855.0,856.9,860.0,85464.0,41.0,73498731.0,85386.0,99.91,9.8,-7.8
2017-02-23,855.05,864.5,855.0,861.1,856.07,71196.0,30.0,60948701.0,71151.0,99.94,9.5,6.05
2017-02-22,860.0,870.0,855.05,861.95,861.64,154.0,45.0,132692.0,45.0,29.22,14.95,1.95
2017-02-21,865.1,875.0,854.0,864.45,861.36,288.0,83.0,248073.0,247.0,85.76,21.0,-0.65
